locus	region	country	allele	population	pop_id	pct_individuals	allele_frequency	sample_size	source
DQB1	brazil_north	Brazil	DQB1*02:01	Brazil Paraná Caucasian	3618	19.5	0.0998	641	http://www.allelefrequencies.net/hla6006a.asp?hla_locus=DQB1&hla_locus_type=Classical&hla_show=&hla_order=order_1&page=1&standard=&hla_country=Brazil
DQB1	brazil_north	Brazil	DQB1*02:02	Brazil Paraná Caucasian	3618	22.6	0.1193	641	http://www.allelefrequencies.net/hla6006a.asp?hla_locus=DQB1&hla_locus_type=Classical&hla_show=&hla_order=order_1&page=1&standard=&hla_country=Brazil
DQB1	brazil_north	Brazil	DQB1*02:03	Brazil Paraná Caucasian	3618	0.3	0.0016	641	http://www.allelefrequencies.net/hla6006a.asp?hla_locus=DQB1&hla_locus_type=Classical&hla_show=&hla_order=order_1&page=1&standard=&hla_country=Brazil
DQB1	brazil_north	Brazil	DQB1*03:01	Brazil Paraná Caucasian	3618	37.3	0.2098	641	http://www.allelefrequencies.net/hla6006a.asp?hla_locus=DQB1&hla_locus_type=Classical&hla_show=&hla_order=order_1&page=1&standard=&hla_country=Brazil
DQB1	brazil_north	Brazil	DQB1*03:02	Brazil Paraná Caucasian	3618	18.9	0.0952	641	http://www.allelefrequencies.net/hla6006a.asp?hla_locus=DQB1&hla_locus_type=Classical&hla_show=&hla_order=order_1&page=1&standard=&hla_country=Brazil
DQB1	brazil_north	Brazil	DQB1*03:03	Brazil Paraná Caucasian	3618	4.5	0.0226	641	http://www.allelefrequencies.net/hla6006a.asp?hla_locus=DQB1&hla_locus_type=Classical&hla_show=&hla_order=order_1&page=1&standard=&hla_country=Brazil
DQB1	brazil_north	Brazil	DQB1*03:04	Brazil Paraná Caucasian	3618	0.2	0.0008	641	http://www.allelefrequencies.net/hla6006a.asp?hla_locus=DQB1&hla_locus_type=Classical&hla_show=&hla_order=order_1&page=1&standard=&hla_country=Brazil
DQB1	brazil_north	Brazil	DQB1*03:05	Brazil Paraná Caucasian	3618	0.3	0.0016	641	http://www.allelefrequencies.net/hla6006a.asp?hla_locus=DQB1&hla_locus_type=Classical&hla_show=&hla_order=order_1&page=1&standard=&hla_country=Brazil
DQB1	brazil_north	Brazil	DQB1*03:19	Brazil Paraná Caucasian	3618	2.2	0.0109	641	http://www.allelefrequencies.net/hla6006a.asp?hla_locus=DQB1&hla_locus_type=Classical&hla_show=&hla_order=order_1&page=1&standard=&hla_country=Brazil
DQB1	brazil_north	Brazil	DQB1*04:02	Brazil Paraná Caucasian	3618	11.7	0.0616	641	http://www.allelefrequencies.net/hla6006a.asp?hla_locus=DQB1&hla_locus_type=Classical&hla_show=&hla_order=order_1&page=1&standard=&hla_country=Brazil
DQB1	brazil_north	Brazil	DQB1*04:04	Brazil Paraná Caucasian	3618	0.2	0.0008	641	http://www.allelefrequencies.net/hla6006a.asp?hla_locus=DQB1&hla_locus_type=Classical&hla_show=&hla_order=order_1&page=1&standard=&hla_country=Brazil
DQB1	brazil_north	Brazil	DQB1*05:01	Brazil Paraná Caucasian	3618	25.9	0.1404	641	http://www.allelefrequencies.net/hla6006a.asp?hla_locus=DQB1&hla_locus_type=Classical&hla_show=&hla_order=order_1&page=1&standard=&hla_country=Brazil
DQB1	brazil_north	Brazil	DQB1*05:02	Brazil Paraná Caucasian	3618	7.0	0.0367	641	http://www.allelefrequencies.net/hla6006a.asp?hla_locus=DQB1&hla_locus_type=Classical&hla_show=&hla_order=order_1&page=1&standard=&hla_country=Brazil
DQB1	brazil_north	Brazil	DQB1*05:03	Brazil Paraná Caucasian	3618	5.5	0.0281	641	http://www.allelefrequencies.net/hla6006a.asp?hla_locus=DQB1&hla_locus_type=Classical&hla_show=&hla_order=order_1&page=1&standard=&hla_country=Brazil
DQB1	brazil_north	Brazil	DQB1*06:01	Brazil Paraná Caucasian	3618	1.1	0.0055	641	http://www.allelefrequencies.net/hla6006a.asp?hla_locus=DQB1&hla_locus_type=Classical&hla_show=&hla_order=order_1&page=1&standard=&hla_country=Brazil
DQB1	brazil_north	Brazil	DQB1*06:02	Brazil Paraná Caucasian	3618	14.8	0.0788	641	http://www.allelefrequencies.net/hla6006a.asp?hla_locus=DQB1&hla_locus_type=Classical&hla_show=&hla_order=order_1&page=1&standard=&hla_country=Brazil
DQB1	brazil_north	Brazil	DQB1*06:03	Brazil Paraná Caucasian	3618	10.8	0.0554	641	http://www.allelefrequencies.net/hla6006a.asp?hla_locus=DQB1&hla_locus_type=Classical&hla_show=&hla_order=order_1&page=1&standard=&hla_country=Brazil
DQB1	brazil_north	Brazil	DQB1*06:04	Brazil Paraná Caucasian	3618	4.2	0.0211	641	http://www.allelefrequencies.net/hla6006a.asp?hla_locus=DQB1&hla_locus_type=Classical&hla_show=&hla_order=order_1&page=1&standard=&hla_country=Brazil
DQB1	brazil_north	Brazil	DQB1*06:08	Brazil Paraná Caucasian	3618	0.2	0.0008	641	http://www.allelefrequencies.net/hla6006a.asp?hla_locus=DQB1&hla_locus_type=Classical&hla_show=&hla_order=order_1&page=1&standard=&hla_country=Brazil
DQB1	brazil_north	Brazil	DQB1*06:09	Brazil Paraná Caucasian	3618	1.7	0.0086	641	http://www.allelefrequencies.net/hla6006a.asp?hla_locus=DQB1&hla_locus_type=Classical&hla_show=&hla_order=order_1&page=1&standard=&hla_country=Brazil
DQB1	brazil_north	Brazil	DQB1*06:11	Brazil Paraná Caucasian	3618	0.2	0.0008	641	http://www.allelefrequencies.net/hla6006a.asp?hla_locus=DQB1&hla_locus_type=Classical&hla_show=&hla_order=order_1&page=1&standard=&hla_country=Brazil
